Sensor,RMW Implementation,Warmup Mean [ms],Warmup Std [ms],Steady State Mean [ms],Cold-Start Ratio,Convergence Length
Camera,rmw_cyclonedds_cpp,952.8344142266667,1220.8521198144501,424.11305472712644,2.26,138.0
Camera,rmw_fastrtps_dynamic_cpp,449.55124195,125.32302282871221,403.9208047435632,1.12,48.6
Camera,rmw_fastrtps_cpp,447.73653405333334,127.61743315295708,410.36495598425284,1.1,49.2
Camera,rmw_zenoh_cpp,705.1096064433333,139.4332994187249,658.4405906474713,1.07,13.3
IMU,rmw_zenoh_cpp,3.5868892866666666,2.635387321766014,2.056765427241379,1.75,171.9
IMU,rmw_fastrtps_dynamic_cpp,1.3739589966666665,0.39487721894785144,1.5002331728735634,0.92,127.3
IMU,rmw_cyclonedds_cpp,1.05044165,0.27351401348382065,1.1836796262068965,0.89,262.6
IMU,rmw_fastrtps_cpp,1.2776704133333332,0.36680679235496233,1.503602967241379,0.85,152.2
Lidar,rmw_fastrtps_cpp,1.8451852433333333,0.3107511984432447,1.7939771974712644,1.03,43.6
Lidar,rmw_fastrtps_dynamic_cpp,1.8313543033333335,0.2153732768237509,1.797038868045977,1.02,31.4
Lidar,rmw_zenoh_cpp,2.68860426,0.3550370714945139,2.6810865667816093,1.0,42.7
Lidar,rmw_cyclonedds_cpp,1.6826766333333334,0.4867641081655567,1.6899243221839082,1.0,51.6
